{"cameraMode":{"drawMode":0,"name":"Shaded","section":"Shading Mode"},"sceneLighting":false,"audioPlay":false,"sceneViewState":{"showFog":true,"showMaterialUpdate":false,"showSkybox":false,"showFlares":true,"showImageEffects":true,"showParticleSystems":true},"in2DMode":false,"pivot":{"x":0.0,"y":2.104403495788574,"z":-0.00793468952178955},"rotation":{"x":0.17104680836200715,"y":-0.01564139313995838,"z":0.002725310157984495,"w":0.9851679801940918},"size":9.167895317077637,"orthographic":false}