{"cameraMode":{"drawMode":0,"name":"Shaded","section":"Shading Mode"},"sceneLighting":true,"audioPlay":false,"sceneViewState":{"showFog":true,"showMaterialUpdate":false,"showSkybox":true,"showFlares":true,"showImageEffects":true,"showParticleSystems":true},"in2DMode":false,"pivot":{"x":307.5181579589844,"y":346.8355712890625,"z":-3.124427080154419},"rotation":{"x":-0.0751829445362091,"y":-0.0382845513522625,"z":0.0028886529617011549,"w":-0.9964305758476257},"size":268.6005554199219,"orthographic":false}